{"designerVersion":"1.3.25","favorite":false,"id":"86f04c86-6f1f-4330-a6db-c1142f926f77","name":"BonitaCustomTabExperiments","type":"page","lastUpdate":1478336649596,"rows":[[{"type":"container","dimension":{"xs":12},"propertyValues":{"cssClasses":{"type":"constant","value":""},"hidden":{"type":"constant","value":false},"repeatedCollection":{"type":"variable"}},"reference":"2e01f9eb-505f-426b-80ff-f1d556c4bd76","rows":[[{"type":"container","dimension":{"xs":3},"propertyValues":{"cssClasses":{"type":"constant","value":""},"hidden":{"type":"constant","value":false},"repeatedCollection":{"type":"variable"}},"reference":"f77e905d-4a44-4ab6-8b60-6692c1b11044","rows":[[{"type":"component","dimension":{"xs":12},"propertyValues":{"cssClasses":{"type":"constant","value":""},"hidden":{"type":"constant","value":false},"value":{"type":"variable","value":"tabVal.val"},"tabAction":{"type":"constant","value":1},"label":{"type":"interpolation","value":"Tab1"}},"reference":"5cf92aae-42da-4ce6-b706-6c8b9179b172","id":"customButtonTab"}],[{"type":"component","dimension":{"xs":12},"propertyValues":{"cssClasses":{"type":"constant","value":""},"hidden":{"type":"constant","value":false},"value":{"type":"variable","value":"tabVal.val"},"tabAction":{"type":"constant","value":2},"label":{"type":"interpolation","value":"Tab2"}},"reference":"00fb05b6-63ff-4f91-9ab9-1df4dff93051","id":"customButtonTab"}],[{"type":"component","dimension":{"xs":12},"propertyValues":{"cssClasses":{"type":"constant","value":""},"hidden":{"type":"constant","value":false},"value":{"type":"variable","value":"tabVal.val"},"tabAction":{"type":"constant","value":3},"label":{"type":"interpolation","value":"Tab3"}},"reference":"3ac6e4c2-7e70-48b6-b616-6cdf7bd1d84f","id":"customButtonTab"}]]},{"type":"formContainer","dimension":{"xs":9},"propertyValues":{"cssClasses":{"type":"constant","value":""},"hidden":{"type":"constant","value":false}},"reference":"01692ef1-9cce-4e04-8e0e-71853b75d541","container":{"type":"container","dimension":{"xs":12},"propertyValues":{},"reference":"5a5a718d-087a-48d6-a5f1-4e846a87f5c0","rows":[[{"type":"container","dimension":{"xs":12},"propertyValues":{"cssClasses":{"type":"constant","value":""},"hidden":{"type":"expression","value":"tabVal.val != 1"},"repeatedCollection":{"type":"variable"}},"reference":"ac2d1935-478c-4741-9213-43cab8f862e4","rows":[[{"type":"component","dimension":{"xs":6},"propertyValues":{"cssClasses":{"type":"constant","value":""},"hidden":{"type":"constant","value":false},"text":{"type":"interpolation","value":"container 1"},"alignment":{"type":"constant","value":"left"}},"reference":"96cafa2f-e88a-49a5-921e-3c325be62849","id":"pbText"},{"type":"component","dimension":{"xs":6},"propertyValues":{"cssClasses":{"type":"constant","value":""},"hidden":{"type":"expression","value":""},"text":{"type":"interpolation","value":"Tab 1 content"},"alignment":{"type":"constant","value":"left"}},"reference":"f96e69c6-43ac-414c-8e18-baed186facb5","id":"pbText"}]]}],[{"type":"container","dimension":{"xs":12},"propertyValues":{"cssClasses":{"type":"constant","value":""},"hidden":{"type":"expression","value":"tabVal.val != 2"},"repeatedCollection":{"type":"variable"}},"reference":"5b2d4dc8-4fce-4e8e-8f01-bc4bbfd2ea11","rows":[[{"type":"component","dimension":{"xs":6},"propertyValues":{"cssClasses":{"type":"constant","value":""},"hidden":{"type":"constant","value":false},"text":{"type":"interpolation","value":"container 2"},"alignment":{"type":"constant","value":"left"}},"reference":"aab63270-2f91-43dd-baea-1a16f83cb767","id":"pbText"},{"type":"component","dimension":{"xs":6},"propertyValues":{"cssClasses":{"type":"constant","value":""},"hidden":{"type":"expression","value":""},"text":{"type":"interpolation","value":"Tab 2 content"},"alignment":{"type":"constant","value":"left"}},"reference":"319f19f4-bfb5-4a9f-b475-113275f5abed","id":"pbText"}],[{"type":"component","dimension":{"xs":12},"propertyValues":{"cssClasses":{"type":"constant","value":""},"hidden":{"type":"constant","value":false},"disabled":{"type":"constant","value":false},"required":{"type":"constant","value":true},"labelHidden":{"type":"constant","value":false},"label":{"type":"interpolation","value":"Select a val"},"labelPosition":{"type":"constant","value":"top"},"labelWidth":{"type":"constant","value":4},"inline":{"type":"constant","value":true},"availableValues":{"type":"constant","value":["val 1","val2","val3","val4"]},"displayedKey":{"type":"constant"},"returnedKey":{"type":"constant"},"selectedValue":{"type":"variable"}},"reference":"cd2c5494-334e-4488-b3b5-e79ebe1bcc45","id":"pbRadioButtons"}],[{"type":"component","dimension":{"xs":12},"propertyValues":{"cssClasses":{"type":"constant","value":""},"hidden":{"type":"constant","value":false},"disabled":{"type":"constant","value":false},"label":{"type":"interpolation","value":"Continue"},"alignment":{"type":"constant","value":"center"},"buttonStyle":{"type":"constant","value":"danger"},"action":{"type":"constant","value":"Submit task"},"url":{"type":"interpolation"},"dataToSend":{"type":"constant"},"dataFromSuccess":{"type":"variable"},"dataFromError":{"type":"variable"},"targetUrlOnSuccess":{"type":"interpolation"},"collectionToModify":{"type":"variable"},"collectionPosition":{"type":"constant","value":"Last"},"valueToAdd":{"type":"constant"},"removeItem":{"type":"variable"}},"reference":"a847b669-e697-4461-82be-e165ff7f94ba","id":"pbButton"}]]}],[{"type":"container","dimension":{"xs":12},"propertyValues":{"cssClasses":{"type":"constant","value":""},"hidden":{"type":"expression","value":"tabVal.val != 3"},"repeatedCollection":{"type":"variable"}},"reference":"d638f402-e9c0-47a8-a640-51f35b227547","rows":[[{"type":"component","dimension":{"xs":6},"propertyValues":{"cssClasses":{"type":"constant","value":""},"hidden":{"type":"constant","value":false},"text":{"type":"interpolation","value":"container 3"},"alignment":{"type":"constant","value":"left"}},"reference":"c3866dad-feae-40b6-ab71-89bbe76c03ad","id":"pbText"},{"type":"component","dimension":{"xs":6},"propertyValues":{"cssClasses":{"type":"constant","value":""},"hidden":{"type":"expression","value":""},"text":{"type":"interpolation","value":"Tab 3 content"},"alignment":{"type":"constant","value":"left"}},"reference":"82572de9-805d-4cd3-910f-c7298572bab5","id":"pbText"}]]}]]}}]]}]],"assets":[],"inactiveAssets":[],"data":{"tabVal":{"type":"json","value":"{\"val\": 1}","exposed":false}}}