{"designerVersion":"1.3.25","favorite":false,"id":"86f04c86-6f1f-4330-a6db-c1142f926f77","name":"BonitaCustomTabExperiments","type":"page","lastUpdate":1478419199867,"rows":[[{"type":"container","dimension":{"xs":12},"propertyValues":{"cssClasses":{"type":"constant","value":""},"hidden":{"type":"constant","value":false},"repeatedCollection":{"type":"variable"}},"reference":"2e01f9eb-505f-426b-80ff-f1d556c4bd76","rows":[[{"type":"container","dimension":{"xs":3},"propertyValues":{"cssClasses":{"type":"constant","value":""},"hidden":{"type":"constant","value":false},"repeatedCollection":{"type":"variable"}},"reference":"f77e905d-4a44-4ab6-8b60-6692c1b11044","rows":[[{"type":"component","dimension":{"xs":12},"propertyValues":{"cssClasses":{"type":"constant","value":""},"hidden":{"type":"constant","value":false},"value":{"type":"variable","value":"tabVal.val"},"tabAction":{"type":"constant","value":1},"label":{"type":"interpolation","value":"Tab1"},"additionalValue":{"type":"variable"}},"reference":"5cf92aae-42da-4ce6-b706-6c8b9179b172","id":"customButtonTab"}],[{"type":"component","dimension":{"xs":12},"propertyValues":{"cssClasses":{"type":"constant","value":""},"hidden":{"type":"constant","value":false},"value":{"type":"variable","value":"tabVal.val"},"tabAction":{"type":"constant","value":2},"label":{"type":"interpolation","value":"Tab2"},"additionalValue":{"type":"variable"}},"reference":"00fb05b6-63ff-4f91-9ab9-1df4dff93051","id":"customButtonTab"}],[{"type":"component","dimension":{"xs":12},"propertyValues":{"cssClasses":{"type":"constant","value":""},"hidden":{"type":"constant","value":false},"value":{"type":"variable","value":"tabVal.val"},"tabAction":{"type":"constant","value":3},"label":{"type":"interpolation","value":"Tab3"},"additionalValue":{"type":"variable"}},"reference":"3ac6e4c2-7e70-48b6-b616-6cdf7bd1d84f","id":"customButtonTab"}]]},{"type":"formContainer","dimension":{"xs":9},"propertyValues":{"cssClasses":{"type":"constant","value":""},"hidden":{"type":"constant","value":false}},"reference":"01692ef1-9cce-4e04-8e0e-71853b75d541","container":{"type":"container","dimension":{"xs":12},"propertyValues":{},"reference":"5a5a718d-087a-48d6-a5f1-4e846a87f5c0","rows":[[{"type":"container","dimension":{"xs":12},"propertyValues":{"cssClasses":{"type":"constant","value":""},"hidden":{"type":"expression","value":"tabVal.val != 1"},"repeatedCollection":{"type":"variable"}},"reference":"e4470827-6a51-4923-9c79-1c9c2d24cbf2","rows":[[{"type":"component","dimension":{"xs":6},"propertyValues":{"cssClasses":{"type":"constant","value":""},"hidden":{"type":"constant","value":false},"text":{"type":"interpolation","value":"container 1"},"alignment":{"type":"constant","value":"left"}},"reference":"11470b92-e1c9-44f1-8e3a-3a043f471727","id":"pbText"},{"type":"component","dimension":{"xs":6},"propertyValues":{"cssClasses":{"type":"constant","value":""},"hidden":{"type":"expression","value":""},"text":{"type":"interpolation","value":"Tab 1 content"},"alignment":{"type":"constant","value":"left"}},"reference":"f96e69c6-43ac-414c-8e18-baed186facb5","id":"pbText"}]]}],[{"type":"container","dimension":{"xs":12},"propertyValues":{"cssClasses":{"type":"constant","value":""},"hidden":{"type":"expression","value":"tabVal.val != 2"},"repeatedCollection":{"type":"variable"}},"reference":"2f541f47-fc95-4233-a593-91a78bc88d41","rows":[[{"type":"component","dimension":{"xs":6},"propertyValues":{"cssClasses":{"type":"constant","value":""},"hidden":{"type":"constant","value":false},"text":{"type":"interpolation","value":"container 2"},"alignment":{"type":"constant","value":"left"}},"reference":"67a84f67-b283-445b-9d0e-9b91c9a4f1d2","id":"pbText"},{"type":"component","dimension":{"xs":6},"propertyValues":{"cssClasses":{"type":"constant","value":""},"hidden":{"type":"expression","value":""},"text":{"type":"interpolation","value":"Tab 2 content"},"alignment":{"type":"constant","value":"left"}},"reference":"319f19f4-bfb5-4a9f-b475-113275f5abed","id":"pbText"}],[{"type":"component","dimension":{"xs":12},"propertyValues":{"cssClasses":{"type":"constant","value":"bg-danger"},"hidden":{"type":"expression","value":"!show_error"},"text":{"type":"interpolation","value":"Radio button is compulsory"},"alignment":{"type":"constant","value":"left"}},"reference":"7a2ff5eb-e133-41d1-86f0-8ebe4f3b3c94","id":"pbText"}],[{"type":"component","dimension":{"xs":12},"propertyValues":{"cssClasses":{"type":"constant","value":""},"hidden":{"type":"constant","value":false},"disabled":{"type":"constant","value":false},"required":{"type":"constant","value":true},"labelHidden":{"type":"constant","value":false},"label":{"type":"interpolation","value":"Select a val"},"labelPosition":{"type":"constant","value":"top"},"labelWidth":{"type":"constant","value":4},"inline":{"type":"constant","value":true},"availableValues":{"type":"constant","value":["val 1","val2","val3","val4"]},"displayedKey":{"type":"constant"},"returnedKey":{"type":"constant"},"selectedValue":{"type":"variable","value":"c2_radio"}},"reference":"c8e7cd1a-c4ba-4158-8db4-409d567c6212","id":"pbRadioButtons"}],[{"type":"component","dimension":{"xs":12},"propertyValues":{"cssClasses":{"type":"constant","value":""},"hidden":{"type":"constant","value":false},"value":{"type":"variable","value":"tabVal.val"},"tabAction":{"type":"expression","value":"c2_validation ? 3 : 2"},"label":{"type":"interpolation","value":"Next >"},"additionalValue":{"type":"variable","value":"show_error"}},"reference":"22c8f44c-bbef-4a32-956b-19cbd456de51","id":"customButtonTab"}]]}],[{"type":"container","dimension":{"xs":12},"propertyValues":{"cssClasses":{"type":"constant","value":""},"hidden":{"type":"expression","value":"tabVal.val != 3 || !c2_validation"},"repeatedCollection":{"type":"variable"}},"reference":"74026c58-67f1-41e5-8481-7c2a1ceee93e","rows":[[{"type":"component","dimension":{"xs":6},"propertyValues":{"cssClasses":{"type":"constant","value":""},"hidden":{"type":"constant","value":false},"text":{"type":"interpolation","value":"container 3"},"alignment":{"type":"constant","value":"left"}},"reference":"90d9ff15-f2f3-4b2a-ac9e-aa5aee58389a","id":"pbText"},{"type":"component","dimension":{"xs":6},"propertyValues":{"cssClasses":{"type":"constant","value":""},"hidden":{"type":"expression","value":""},"text":{"type":"interpolation","value":"Tab 3 content"},"alignment":{"type":"constant","value":"left"}},"reference":"82572de9-805d-4cd3-910f-c7298572bab5","id":"pbText"}]]}]]}}]]}]],"assets":[],"inactiveAssets":[],"data":{"tabVal":{"type":"json","value":"{\"val\": 1}","exposed":false},"c2_validation":{"type":"expression","value":"return $data.c2_radio;","exposed":false},"c2_radio":{"type":"constant","exposed":false},"show_error":{"type":"expression","value":"return false;","exposed":false}}}