{"designerVersion":"1.3.25","favorite":false,"id":"customButtonTab","name":"buttonTab","lastUpdate":1478418395169,"template":"<div>\n    <button\n        type=\"button\"\n        ng-click=\"changeTab()\">{{ properties.label | uiTranslate }}</button>\n</div>","controller":"/**\n * The controller is a JavaScript function that augments the AngularJS scope and exposes functions that can be used in the custom widget template\n * \n * Custom widget properties defined on the right can be used as variables in a controller with $scope.properties\n * To use AngularJS standard services, you must declare them in the main function arguments.\n * \n * You can leave the controller empty if you do not need it.\n */\nfunction changeTabButton($scope) {\n    $scope.changeTab = function() {\n        $scope.properties.value =  $scope.properties.tabAction;\n        $scope.properties.additionalValue = true;\n    };\n}","custom":true,"properties":[{"label":"Value","name":"value","type":"text","defaultValue":"This is the initial value","bond":"variable"},{"label":"Tab Action","name":"tabAction","type":"integer","defaultValue":1,"bond":"expression"},{"label":"Label","name":"label","type":"text","defaultValue":"Tab","bond":"interpolation"},{"label":"Additional Value","name":"additionalValue","type":"text","bond":"variable"}],"assets":[],"type":"widget"}